;;;;;;;;;;;;;
MM_clasico_Estud1;;;;;MM_clasico_Estud2;;;;;MM_clasico_Estud3;;;
;Hilos;;;;;Hilos;;;;;Hilos;;
Tam;1 H;2 H;4 H;;Tam;1 H;2 H;4 H;;Tam;1 H;2 H;4 H
800;1997356;1443142;588692;;800;2761803;1322830;500854;;800;2700847;1625320;1451798
;1527805;1223699;1040743;;;2658856;1302926;993422;;;2767454;1683363;982224
;2063960;1002388;458276;;;2265412;1256628;479600;;;2861820;1717402;1505461
;1635268;775840;866314;;;2165100;1210840;974227;;;2947449;1747031;1037784
;2212205;1554877;1264678;;;1661159;1163995;1475730;;;3004012;1787263;563552
;1765455;1339773;656822;;;2607503;1164970;986137;;;2029663;1825176;1086487
;2282327;1111217;1050562;;;2377737;1187366;1488214;;;2097299;1872054;607614
;1908565;899781;459796;;;1845115;1252725;969964;;;2194723;1921515;1151579
;2532223;1687756;867625;;;2872234;1278285;1456073;;;2288633;1983738;681258
;2131102;1458124;1263619;;;2818770;1366989;947960;;;2337992;1010612;1213439
;1710893;1243090;652281;;;2786453;1404272;1426078;;;2364177;1076825;741492
;2367335;1013376;1048294;;;2748672;1469601;913552;;;2444230;1131368;1271276
;1967605;797937;438549;;;2698884;1570157;1392807;;;2467831;1186501;795756
;2585283;1573514;848787;;;2672559;1644589;880745;;;2572352;1221359;1319056
;2169309;1406243;1256455;;;2637576;1690891;1365505;;;2679033;1244738;851185
;1713788;1206021;652331;;;2730605;1748765;852204;;;2732024;1268209;1378683
;2301529;992222;1048416;;;2798542;1816167;1337043;;;2766348;1339278;895331
;1872436;782099;456636;;;2898658;1847370;822178;;;2787195;1380595;1418442
;2606533;1558974;874553;;;2432282;1932721;1321116;;;2813172;1435481;950435
;2163371;1330384;1279909;;;2370580;1974262;803732;;;2897589;1473573;1487234
;1701033;1121085;683336;;;2358616;2003879;1279609;;;2954739;1526934;1011396
;2281324;907494;1072134;;;2459646;1109036;758973;;;3042508;1578661;536179
;1814632;1702411;458823;;;2563565;1139243;1244176;;;2090650;1619861;1058153
;2350037;1488155;855045;;;2626388;1144678;733954;;;2186643;1667417;588106
;1902537;1267681;1249748;;;2252826;1117881;1227283;;;2258942;1702018;1117919
;2443669;1057164;636985;;;1770049;1120520;710962;;;2308191;1733587;654458
;2024725;842609;1032169;;;2711075;1082551;1196440;;;2406961;1775616;1194170
;1573528;1614984;422212;;;2679592;1089689;683498;;;2457672;1822288;716659
;2114135;1390362;817965;;;2641172;1037149;1170955;;;2541992;1868007;1240445
;1644586;1180079;1210981;;;2353384;1033521;653605;;;2589005;1915648;766340
;2065281;1214523;784321;;;2234251;999758;1136746;;;2235621;1935325;1342512
Promedio;2046123,71;1231838,839;848292,1613;;Promedio;2498679,484;1370459,806;1038172,323;;Promedio;2542798,935;1583121,387;1019884,613
;;;;;;;;;;;;;
;;;;;;;;;;;;;
MM_clasico_Estud1;;;;;MM_clasico_Estud2;;;;;MM_clasico_Estud3;;;
;Hilos;;;;;Hilos;;;;;Hilos;;
Tam;1 H;2 H;4 H;;Tam;1 H;2 H;4 H;;Tam;1 H;2 H;4 H
1000;3151794;1564638;1648192;;1000;4384672;2711479;1737897;;1000;4792718;1905644;1779353
;3160910;2092181;1415437;;;4365764;2712651;1704449;;;4810555;2798538;1811344
;3223627;1604569;1178660;;;4226629;2624136;1653996;;;4876470;2862886;1843308
;3194307;2104393;941656;;;3825966;2560928;1599311;;;4961778;2860284;1862011
;3189016;1624653;1714775;;;3872661;2471912;1530118;;;4997427;2724852;1882551
;3178159;2143471;1475985;;;4586815;2394168;1476887;;;4123572;2685747;1918073
;3278526;1640079;1234469;;;4431006;2388363;1422447;;;4177883;2706229;1943828
;3280624;2124361;995258;;;4396113;2315553;1388457;;;4188851;2746990;1959755
;3251389;1640260;754528;;;4436836;2242500;1345503;;;4212880;2777282;1984001
;3281174;2171347;1510431;;;4594396;2153858;1298598;;;4281224;2812960;1995047
;3278182;1687118;1267792;;;4722583;2036891;1238830;;;3949475;2865704;1010170
;3270580;2194947;1084954;;;4574686;1920938;1183691;;;4768739;2923604;1039961
;3304360;1718045;885027;;;4465891;2821499;1154002;;;4625178;3051244;1070195
;3302129;2256718;1660770;;;3374234;2773299;1114174;;;4755458;2083934;1017425
;3266008;1793717;1421285;;;4220095;2579070;1047138;;;4856181;2138556;950493
;3243151;2312162;1222341;;;4095517;2466802;974700;;;4932551;2169180;1888850
;3280064;1857092;1016998;;;2943884;2403715;1927296;;;4943074;2259414;1827696
;3287659;2365611;810688;;;3799283;2298230;1877741;;;4950594;2351786;1779221
;3260089;1858023;1582305;;;4575394;2184017;1806241;;;4951355;2373665;1748062
;3244347;2373611;1351692;;;4254890;2083503;1761048;;;4934336;2404427;1701602
;3246476;1905661;1129550;;;3996817;2007817;1730178;;;4905453;2430743;1655054
;3268874;2417136;896798;;;2880608;1960794;1680625;;;5038817;2506710;1606482
;3281228;1940225;1650967;;;3798464;2837575;1628973;;;4070261;2596535;1547455
;3240293;2496453;1408400;;;4590117;2710138;1570276;;;4065316;2587735;1490966
;3208180;2277938;1165866;;;4475081;2641847;1526940;;;4164763;2608008;1426593
;3168570;1795024;924698;;;4180022;2537130;1485638;;;4269520;2629660;1360836
;3117802;2318375;1682004;;;4010290;2478938;1425879;;;4312675;2656387;1310962
;3121885;1827237;1441950;;;3913571;2583893;1378721;;;4353577;2676096;1260558
;3077809;2367598;1208008;;;4111210;2627644;1331687;;;4440447;2713032;1207015
;3060617;1867623;960971;;;3825353;2725984;1288071;;;4018983;2735263;1145256
;3015472;2342134;1325311;;;4135621;2823542;1234235;;;4234672;2734521;1244234
Promedio;3217203,258;2022012,903;1257024,71;;Promedio;4131111,903;2454155,29;1468507,968;;Promedio;4547251,065;2592826,323;1557043,774
;;;;;;;;;;;;;
;;;;;;;;;;;;;
MM_clasico_Estud1;;;;;MM_clasico_Estud2;;;;;MM_clasico_Estud3;;;
;Hilos;;;;;Hilos;;;;;Hilos;;
Tam;1 H;2 H;4 H;;Tam;1 H;2 H;4 H;;Tam;1 H;2 H;4 H
1200;6551878;3294737;1358830;;1200;5938365;3764629;2132529;;1200;6594966;3730211;2240702
;5837384;2959836;1696709;;;6828248;4188035;1792200;;;7374626;4300537;2029602
;6224719;3569684;2044639;;;6951003;3403865;2491201;;;7808539;3756205;1800294
;5524278;3212930;1399807;;;7005233;3629329;2089281;;;7899764;4214920;2564616
;5897623;2908101;1729362;;;6665261;4018586;1715936;;;8173395;3861962;2330360
;6301469;3539236;2052203;;;6190802;3292878;2339267;;;7381750;4600039;2074570
;5555703;3174361;1391472;;;5077163;3079208;1950238;;;7709014;4195286;1860661
;5884226;2790888;1783940;;;5819180;3298668;2558479;;;7823775;3792216;2651111
;6095320;3448015;2126868;;;6528332;3599740;2196371;;;8155055;4389765;2459192
;5364385;3062998;1456378;;;6408105;3853408;1814130;;;6830763;3936424;2244310
;5644577;2713349;1780872;;;6318299;4018912;2447819;;;7578187;4573699;2019870
;5975473;3408728;2117271;;;6612442;3272452;2046248;;;7928050;4381434;1791827
;6211971;3046291;1467880;;;5565866;3431445;1685603;;;8447907;3911385;2524482
;5524729;2674570;1807472;;;6409231;3643286;2297604;;;8416034;4145270;2134592
;5809487;3368380;2135099;;;6241520;3922386;2094013;;;7773349;3447885;1754511
;6116456;3185423;1511773;;;6533212;4185290;1814673;;;8457018;3735377;2399312
;5484708;2792455;1836191;;;6212484;3429151;2491626;;;7867136;4059495;2026791
;5814148;3514897;2172511;;;5862089;3735591;2162973;;;7896046;3824027;1636245
;6149406;3413391;1527536;;;7233138;4098599;1778639;;;7524320;4574602;2254414
;5550790;3204584;1893542;;;5950936;3359682;2390246;;;7153014;4209737;1861312
;5868673;2929181;2231715;;;6596148;3725348;2008234;;;7619324;4027571;2469429
;6062024;3626546;1595924;;;6817269;4093020;1635278;;;8136461;3625801;2082547
;5313140;3343137;2055147;;;6626083;3372994;2232215;;;7484854;4172248;1691847
;5514375;3007264;1433976;;;7204930;3671006;1856285;;;7920733;3827501;2306733
;5751597;2663360;1767642;;;6839457;3954443;2505025;;;7950575;4528472;1936692
;6010297;3280365;2123810;;;6598688;4224088;2105162;;;7653065;4111246;2554585
;5236650;3009250;1457353;;;6399102;3556692;1731208;;;8019024;3660650;2197190
;5858625;2684207;1793511;;;6352846;3866905;2344070;;;7207177;4227341;1848837
;6170889;3353074;2153014;;;6053607;4275069;1973338;;;6920385;3870820;2559176
;5469211;3004255;1513627;;;6360244;3505671;2589817;;;8120986;4399837;2315693
;6431245;2432154;2341245;;;6323562;3378345;1753452;;;7543467;4234672;2523354
Promedio;5845337,29;3116633,774;1798623,194;;Promedio;6403962,742;3704797,452;2097521,29;;Promedio;7721572,871;4075052,742;2165963,129
;;;;;;;;;;;;;
;;;;;;;;;;;;;
MM_clasico_Estud1;;;;;MM_clasico_Estud2;;;;;MM_clasico_Estud3;;;
;Hilos;;;;;Hilos;;;;;Hilos;;
Tam;1 H;2 H;4 H;;Tam;1 H;2 H;4 H;;Tam;1 H;2 H;4 H
1400;10577694;4431621;2160414;;1400;9691186;5151939;2707127;;1400;11966913;5915560;3151720
;9424708;4775162;2796347;;;9311884;5017410;3316966;;;12433358;6420159;2806691
;9204770;5108825;2935763;;;9340092;4801164;2886680;;;12973806;5848028;3380007
;9662115;4818211;3110583;;;10019920;5851296;3472080;;;11704980;6859544;3030245
;9395674;5177031;2208545;;;9064271;4957378;3053467;;;12653101;7000301;2644253
;10425269;4584137;2385512;;;9480547;6101985;2339440;;;12091009;6164267;3239477
;9164523;5156031;2533496;;;10887301;5442256;2948746;;;10313175;6420119;2846780
;8839720;4776037;2624659;;;9656976;5641400;3557499;;;12073382;5700730;3460006
;9687184;5206983;2730341;;;9499414;5707086;3119040;;;11795836;5719561;3076434
;9440954;4554422;2794578;;;9356974;5887002;2743455;;;10811320;6142396;2658643
;9301293;4867889;2904148;;;9054004;6245488;3346485;;;12030282;5568506;3339734
;9594426;5390489;3026292;;;8968319;5207748;2964913;;;10967983;6040602;2975287
;9528070;5827067;2168268;;;9894891;5443412;3532729;;;13130371;5571189;2755615
;9440434;5172523;2318086;;;9796439;5246336;3088280;;;11023365;5941347;3691673
;9211070;4484842;2384182;;;9719769;5074864;2662519;;;11732592;6412280;3580848
;9544551;4845721;2480135;;;9724230;5083146;2943071;;;11196495;6003648;3332200
;9410247;5296454;2549664;;;9626131;4818647;3516280;;;12876981;5801325;2988991
;9357820;4711142;2733864;;;9568690;6159437;3104451;;;12627199;7212996;2590716
;9184883;5015463;2871592;;;8392200;5145087;2709661;;;12456045;5688526;3209090
;9108522;4310054;2964206;;;10813381;5186968;3260424;;;10274463;6220194;2861584
;9067403;4660194;3054474;;;9759066;5082890;2885532;;;11945291;6547763;3498779
;9061703;4940075;2191649;;;8757872;4874741;3477833;;;12145800;6666727;3108621
;8925920;5353074;2313898;;;10178013;5749286;3129902;;;11776917;6891986;2736012
;9658992;4747732;2421948;;;9571991;5295159;2711136;;;13766936;6543839;3314453
;9677461;5147901;2574451;;;9856025;5394439;3332798;;;12608116;6125132;2879995
;10156628;4808537;2667592;;;10063663;5435501;2900981;;;12589710;5825434;3454962
;9494659;5246632;2877507;;;9116104;5211662;3494157;;;12724761;6806543;3053822
;9573464;4539225;2954742;;;9291036;5453036;3069694;;;11663677;7123165;2695769
;9428556;4778422;3145706;;;9413324;5948132;2686090;;;11399022;5203911;3300967
;9101528;5050390;2546039;;;9233135;6045470;3234920;;;11642515;5534583;2878036
;9032145;4325364;2743981;;;9342451;5436213;3562135;;;14341342;6434632;2356234
Promedio;9441367,29;4906698,387;2650731,032;;Promedio;9562880,613;5422470,258;3088983,581;;Promedio;12056023,97;6204999,774;3061214,323
;;;;;;;;;;;;;
;;;;;;;;;;;;;
MM_clasico_Estud1;;;;;MM_clasico_Estud2;;;;;MM_clasico_Estud3;;;
;Hilos;;;;;Hilos;;;;;Hilos;;
Tam;1 H;2 H;4 H;;Tam;1 H;2 H;4 H;;Tam;1 H;2 H;4 H
1600;16286551;7741787;4319152;;1600;13956921;7690351;4163582;;1600;15886278;9760398;4380601
;16673974;7975203;3947548;;;14606688;7616719;4065382;;;17257546;9178904;4406243
;16038981;9275774;4679190;;;13294105;8391933;3822417;;;18223739;8472202;4514793
;15243518;8243232;4267908;;;13444984;8187890;4643080;;;19801084;8820879;4603869
;15529151;8326568;3788046;;;13750262;7429786;4479317;;;18713303;9457718;4524671
;15358633;7909880;4354039;;;14398514;7555502;4439268;;;19551469;9684561;4616793
;15278427;8370931;3890981;;;13597842;8278223;4314339;;;19955913;9219050;4634285
;16026148;7809276;4578006;;;14585251;7410405;4164788;;;19807481;8584541;4754469
;15050307;8226081;4346035;;;14515886;7411148;3976409;;;19327598;8671099;4815462
;15040557;8143211;4222066;;;15072739;7374529;3779761;;;20598208;9014570;4940184
;15230709;7793652;3775726;;;13484619;7363500;4695621;;;20382841;8036796;5124753
;16312639;8220152;4273396;;;13614720;7133858;4540911;;;17215975;8055815;4145939
;16038721;7816394;3789370;;;14061638;7946671;4381652;;;17303494;8458487;4204694
;15715829;8458572;4410689;;;12957073;7946654;4292916;;;17306098;8447774;4285391
;15638483;8023822;3822010;;;14989621;8407152;4111136;;;17245068;8674325;4311979
;15784549;7252814;4360683;;;14101681;8303754;3841253;;;16867861;8870109;4280509
;16748561;7510530;4095888;;;14107587;7335111;4676358;;;15299194;9562322;4331514
;15988267;7841086;3606318;;;13461289;7543480;4414180;;;18880213;9453811;4241802
;15606127;8257295;4257776;;;14929650;7292979;4251853;;;18577775;8942274;4340248
;16268123;7656549;4106725;;;13755872;7582914;4120968;;;17824110;9808491;4328064
;15382078;8029721;4171764;;;15913481;7476980;3960313;;;16599920;9055939;4381301
;15902440;7463851;4422584;;;15173356;7551745;5029011;;;16821254;8587759;4367578
;15981387;8350321;4642345;;;14128421;7671018;3899866;;;17786957;9153838;4325353
;15734747;7754546;4921677;;;13960779;7396645;4596754;;;17724786;9463610;4511705
;15965343;8159490;5175293;;;14548241;7870496;4513784;;;17061890;8808274;4509492
;16450065;7605677;4445399;;;15222517;7902059;4453884;;;15372752;9396657;4509528
;15464070;8708947;4611788;;;13430579;7305565;4316362;;;17778339;8791190;4609963
;15473070;8091807;4802250;;;13531217;7440686;4200206;;;16569722;8867971;4573586
;15474586;7429762;4925061;;;14308287;7496670;4075054;;;15776347;9210205;4534338
;15228602;7821128;4904571;;;13775766;7242073;3640918;;;17958186;8273057;4572385
;15234523;7631489;4973463;;;13562461;7432921;4245321;;;16244654;8565323;4734652
Promedio;15746747,29;7996759,613;4351217,645;;Promedio;14136840,23;7644819,903;4261505,29;;Promedio;17797421,13;8946708,032;4497294,968
;;;;;;;;;;;;;
;;;;;;;;;;;;;
MM_clasico_Estud1;;;;;MM_clasico_Estud2;;;;;MM_clasico_Estud3;;;
;Hilos;;;;;Hilos;;;;;Hilos;;
Tam;1 H;2 H;4 H;;Tam;1 H;2 H;4 H;;Tam;1 H;2 H;4 H
1800;25676755;12883183;6260288;;1800;21450215;10824322;6334908;;1800;25685523;11792303;7018598
;25418049;13055323;6063126;;;20769159;11116143;5668249;;;26583220;13293687;6117716
;24504612;12411063;5682053;;;22946652;10530363;6015053;;;25162652;13255178;6124649
;24400582;12596319;6416472;;;22765257;11429338;5472447;;;23629942;13557982;7010967
;24489311;12655631;6505366;;;21733427;11147583;5764218;;;26032750;12580573;6070006
;24781832;12694904;6207346;;;20739018;11182436;6190003;;;23953276;12592773;6196799
;24839067;12682385;5851972;;;22932513;10614628;5453916;;;26756612;13135509;6301865
;24853537;12868955;6506012;;;21779080;11419061;5711002;;;24361717;12620989;6461588
;24892027;13048674;6251393;;;22181355;11541238;6127649;;;23154821;13995410;6686834
;25332078;12096608;6312017;;;22069675;10964385;5641972;;;26230138;11915994;6761926
;24381670;12085372;6360805;;;22437772;10394050;6228089;;;26355167;13440959;6775925
;24400842;12198080;6415622;;;21445886;10031141;5453521;;;24818975;12471930;6800164
;24575284;12284391;6472212;;;20925277;10917323;5965039;;;24523992;12488023;6754948
;24639349;12447804;6182493;;;20976257;11469348;6363446;;;24116016;12617427;6996036
;24869844;12420408;5997568;;;20160225;10969508;5769865;;;21867653;13251197;6148015
;24874712;12539059;5689912;;;21466795;12235224;6044822;;;25418134;13389018;6277468
;25268173;12538129;6440917;;;20883976;10417317;5635253;;;26729781;12289805;6670904
;24532765;12927204;6318972;;;21559287;11038649;6035730;;;23963199;12327484;6794369
;24757802;13121115;6224578;;;21435099;10322925;5557333;;;24969089;13695653;6831267
;25001214;12169586;5810041;;;21139836;10664382;5912254;;;23121362;15063382;7091281
;24160423;12301258;6755707;;;21474178;11242844;6222446;;;26038970;12505527;6174427
;24332082;12807079;6478992;;;20851431;10887394;5466429;;;26306749;12237045;5984513
;24413736;13395667;6260814;;;23168816;11729887;5809238;;;25893376;12153976;6098271
;24706849;12941452;6028273;;;21447020;11062484;6129402;;;26944053;12157962;6111209
;24910969;13422883;5933800;;;20816762;10587904;5526870;;;28011092;12943645;6239042
;25034242;12547361;6912862;;;21283046;11156616;5878850;;;23659517;12261442;6326514
;24377499;12447056;6629740;;;19534103;10841985;6151401;;;26767560;12742423;6359828
;24531914;12469092;6449145;;;21019545;11348278;5829222;;;23794950;12837437;6322609
;24553118;12507273;6149082;;;23497901;10641831;6153871;;;26458327;13444972;6270887
;24820936;12480704;5799569;;;20630144;11588703;5685333;;;26238640;12813554;6417885
;24312253;12543256;5623553;;;23124112;11355231;6556345;;;26334653;12532352;6353324
Promedio;24730436,32;12631847,55;6225506,516;;Promedio;21569155,45;11021694,23;5895296;;Promedio;25286513,1;12851793,9;6469349,484
;;;;;;;;;;;;;
;;;;;;;;;;;;;
MM_clasico_Estud1;;;;;MM_clasico_Estud2;;;;;MM_clasico_Estud3;;;
;Hilos;;;;;Hilos;;;;;Hilos;;
Tam;1 H;2 H;4 H;;Tam;1 H;2 H;4 H;;Tam;1 H;2 H;4 H
2000;35663104;18229925;9644625;;2000;30841534;16326020;8135677;;2000;32538402;18109407;9460889
;35898660;17816479;9816479;;;30284365;15175408;8288311;;;31069623;17543713;8837813
;36265806;18780241;10074730;;;29425732;15788245;7659483;;;38093264;18780695;9102099
;34924528;18478701;9206761;;;31185732;15933802;8233067;;;37830848;18003075;8021608
;36506257;18162552;9413074;;;29693118;16685938;7852022;;;37932004;17605482;8698501
;35415898;18273118;9481943;;;29104153;15534043;8149374;;;37420218;17551875;9242690
;35775058;18595742;9754649;;;29360267;15795895;7723695;;;40925296;17292696;8666600
;36197991;18110384;9752761;;;30966104;15900664;8145056;;;40068085;17748093;9098278
;35880552;17749451;9819226;;;30678517;16203174;7622714;;;35419566;18625493;8673772
;35709591;18730824;10028193;;;31017751;15505105;7838999;;;35251786;17721581;9256597
;35781010;18312834;9076016;;;29422728;15742048;8711888;;;38096443;17004095;9024171
;36302496;17855740;9039987;;;29727919;16436177;8335501;;;37949330;17581708;7901440
;35339652;18677299;9160119;;;33001919;16200514;8001111;;;38189803;18104131;9822409
;35822875;18791997;8950149;;;30236698;15569403;7332680;;;36917773;17674278;9219309
;37865794;18515804;9824562;;;31620505;15939767;7888874;;;37881789;18095859;9059598
;36949978;18353272;9858749;;;31282354;16511727;8648484;;;36421517;16581347;8538814
;35374808;18030475;9693576;;;33169875;16918390;8070660;;;36281424;18024515;8547249
;35980404;17867559;9695569;;;30401704;16424558;7664283;;;40613864;16855962;9000238
;34412681;18804943;9549714;;;30548393;15554005;8292253;;;35026914;18038615;8589813
;35307727;18656152;9250483;;;30482666;15460209;7531198;;;34471557;18139675;8926343
;35309417;18474194;9111284;;;29321493;15826752;8000158;;;35757294;18422579;9438189
;35583958;17900229;8970682;;;29819389;15551023;7871747;;;38844566;18959025;8777064
;36143292;18565162;8990904;;;31752745;15758220;8755137;;;32726052;17723043;9460417
;35311601;18510475;8992676;;;32058937;15796759;8299986;;;41589211;18190862;8986390
;35771262;18447845;9047938;;;30338338;16474422;7830717;;;38992314;19507349;7844517
;36524438;18234770;8871790;;;30237038;15555262;8591041;;;33267960;17877794;9321830
;35918927;18060878;9972805;;;30113674;16320637;7991682;;;32553504;18938548;8837573
;36817139;17862301;9067909;;;29323419;15776496;7489062;;;38252393;18432247;8631183
;36425289;18942808;9120676;;;31697581;17188781;8219967;;;33453996;16433182;9473498
;35613130;19269828;9004026;;;30171081;15291165;7750779;;;35886413;18845204;8876760
;36235264;17358154;9143252;;;30254321;16435357;8524562;;;34334632;17435323;8846743
Promedio;35904147,97;18336133,42;9399526,032;;Promedio;30565808,06;15986450,52;8046779,613;;Promedio;36582511;17930562,94;8909109,516
;;;;;;;;;;;;;
;;;;;;;;;;;;;
MM_clasico_Estud1;;;;;MM_clasico_Estud2;;;;;MM_clasico_Estud3;;;
;Hilos;;;;;Hilos;;;;;Hilos;;
Tam;1 H;2 H;4 H;;Tam;1 H;2 H;4 H;;Tam;1 H;2 H;4 H
2200;48882618;24111810;12125134;;2200;40134903;21674846;11246226;;2200;48377071;24723266;11881600
;49354878;24101647;12256152;;;39020545;20724909;10121908;;;42682831;24281039;12143674
;48422493;23828698;12453168;;;39021815;21549266;10116792;;;46118178;22523438;11617689
;49010413;24743191;12539768;;;41003624;20651295;10409982;;;53088444;22394350;11759588
;48240578;24383202;12834322;;;40347650;20893691;10252166;;;52467953;25814824;11589525
;48164773;24429656;13286279;;;42275458;20577740;10304295;;;45183377;24482575;11970884
;49063907;24365141;12820989;;;38086914;20259806;10875719;;;53128919;24713088;11441513
;48435638;24624219;13217664;;;40365538;19763604;11239046;;;50158136;24710589;10941502
;49345684;24736170;12423193;;;40075722;20462530;10061222;;;47799093;24706991;11748351
;49007315;24712705;12802154;;;39229021;21140051;9948004;;;51791040;25456751;11444501
;48615876;24856978;13302527;;;40895924;19978612;10828841;;;45954933;22711174;11109050
;48754433;24781686;12542256;;;40907092;20074758;10992229;;;43958225;24304317;11566112
;49193619;25028711;12909490;;;42058681;20696647;9897491;;;50027327;24238293;11446249
;48166941;24074231;12832008;;;38434867;21178823;10796892;;;47265275;23582068;11719264
;48573197;24049226;12945892;;;39328295;19875426;11048516;;;47379290;23027253;11890648
;49063990;24942419;13199366;;;38444699;21159712;10490138;;;47833679;24338205;12303965
;48378983;25441922;12287424;;;42686743;21015246;10395393;;;50719773;24432655;11310910
;48356204;24763816;12374000;;;40677546;20569328;10116553;;;53487978;23223767;11665938
;48530341;24767157;12352952;;;41216715;20558493;10203982;;;53547817;22521592;11385813
;48896516;25434275;12468325;;;39499682;19810473;10459909;;;50669228;21658447;11294775
;49381541;24901846;12632467;;;39555004;20570049;10581062;;;44021023;25575436;11337132
;49091651;24886016;12981371;;;39122063;20700540;10488514;;;48585771;22623699;10804870
;47818602;24643899;12131775;;;38542448;20323737;10864781;;;48834575;23867514;12008624
;48942744;24770076;12290385;;;39863636;19975195;10855777;;;49235815;24616852;11290417
;47702573;24854773;12508925;;;40348471;19666249;10986477;;;43869785;22415690;11446289
;48665644;25017413;12711671;;;38895850;19618656;9810748;;;52684269;23514762;11504010
;48282834;24131925;12767276;;;41450154;20342015;10866455;;;50629188;23135367;11309310
;48508757;24329889;13024441;;;39799804;20157841;10966366;;;49973078;24214317;11711837
;48468018;24496513;12353063;;;40044432;19913456;9891471;;;41866406;24022297;11669374
;49208083;25151244;12655027;;;39583362;20818754;10682661;;;48851729;23458323;11273097
;48212353;24312345;12532356;;;42357216;20354732;10342521;;;42133632;24346532;11452346
Promedio;48669070,87;24634606,42;12663284,52;;Promedio;40105608,84;20485692,9;10520714,1;;Promedio;48462059,29;23859208,74;11549640,55
;;;;;;;;;;;;;
;;;;;;;;;;;;;
MM_clasico_Estud1;;;;;MM_clasico_Estud2;;;;;MM_clasico_Estud3;;;
;Hilos;;;;;Hilos;;;;;Hilos;;
Tam;1 H;2 H;4 H;;Tam;1 H;2 H;4 H;;Tam;1 H;2 H;4 H
2400;61917059;29156048;15199808;;2400;52176515;27449025;13407394;;2400;64361725;31488635;14429515
;61452466;29240142;14803692;;;53041253;26749045;14026194;;;66076057;29179403;13610667
;62598742;29350928;15397210;;;50294820;27373089;13031070;;;59721567;29045573;14374054
;62184070;29399457;14996883;;;54015860;27533033;13335363;;;62179660;27232844;14380098
;61623648;29726835;14509649;;;51374750;27452195;13586329;;;65518473;29140485;14223801
;61850446;30437045;15137980;;;53770005;25899782;13772782;;;58448302;26115873;14064034
;62586394;30928525;14789394;;;54642711;28479285;13977358;;;65914772;30088349;13686265
;62251689;30680824;15555087;;;52350924;27724082;12878572;;;68105324;29641822;14143416
;62634764;30575057;15267722;;;52796478;27184894;13788032;;;55618724;31321264;14332431
;62485843;30440201;14919510;;;54344591;26088857;13631270;;;61013719;27919453;14322877
;62104050;30193265;15604243;;;51598601;26656596;13782420;;;66423352;30926805;13941246
;61813973;29704157;15075472;;;53245964;28192467;13823889;;;63411080;31898581;14072295
;62350471;30569586;14618229;;;53643835;27161395;14026774;;;63257066;31462240;13606009
;62187295;30406383;15181964;;;53873215;25554819;13297376;;;64058008;30316981;14139425
;61841887;30428976;14820082;;;56717350;26145871;13673318;;;65762307;29677090;14153043
;62698278;29586379;15283395;;;51223908;27013935;13230332;;;63289920;29072004;14850055
;63077443;29687407;14863167;;;51408892;26201254;13693707;;;66666931;31031946;14460852
;63329943;30023364;15296867;;;50636063;27276013;14172170;;;61831899;28311960;14926229
;62706566;29011878;14840049;;;53064227;26534160;13529145;;;58505500;30237051;15079626
;62633949;29076479;15244624;;;52620163;25782167;13805105;;;65187264;29664703;13779404
;63068609;29211223;14926169;;;51094414;25943399;13732886;;;60616359;30176074;13950460
;62748205;29096187;15365378;;;51878476;27055062;13680167;;;64094389;29414008;14004711
;62487006;29237823;14829390;;;50558395;27782465;13792196;;;56752183;31402323;13817513
;62337845;29519275;15245496;;;51872532;27617249;14071871;;;61771346;28755709;14731352
;63221452;29860540;14693349;;;50731772;26480197;13263795;;;58573636;29596588;15333120
;61987950;30127233;15165737;;;51560623;27136995;13394362;;;60711991;29186875;14275931
;61558973;29250610;14606277;;;53341147;28639729;14122313;;;64484202;29713126;14240622
;61855130;29464301;15112524;;;52262698;28348008;13535228;;;58361983;31231734;14603959
;62550982;29675406;14480409;;;54893331;26176353;13703592;;;59567439;30418899;13975590
;62027978;29708699;14805147;;;53437293;26184459;13976735;;;62553566;31266793;13384439
;61243732;29835214;15134124;;;51355632;25345732;14234462;;;53472322;32346212;13236353
Promedio;62303768,97;29793853,13;15024807,32;;Promedio;52575046,39;26940697,16;13676651,84;;Promedio;62139066,65;29912303,32;14197722,32
;;;;;;;;;;;;;
;;;;;;;;;;;;;
MM_clasico_Estud1;;;;;MM_clasico_Estud2;;;;;MM_clasico_Estud3;;;
;Hilos;;;;;Hilos;;;;;Hilos;;
Tam;1 H;2 H;4 H;;Tam;1 H;2 H;4 H;;Tam;1 H;2 H;4 H
2600;82617127;41460258;20832718;;2600;65508297;34693407;17011328;;2600;72517541;38876590;17941557
;82933075;41273724;21958782;;;65531638;33206067;16963119;;;79678868;40319012;17122794
;82642364;41195639;21159864;;;66819178;33617450;16133189;;;72889066;39860894;17295606
;82344302;41201368;20822259;;;66765798;33679037;16586583;;;79607067;36660588;17441768
;82864941;41175617;21691226;;;65901621;33651762;17474987;;;78928006;36559177;18022268
;81447478;41439134;21284838;;;66870108;35070587;17060147;;;82410619;39373673;17441223
;81442152;41552340;20395193;;;66634995;33239868;16239107;;;75705989;37490705;17937461
;81738588;41894500;20667909;;;66432461;33603205;16761576;;;73579023;36511892;17844786
;81628775;41401201;20973069;;;64693537;34427538;17276331;;;86031967;39357801;18197563
;82676142;41917810;20506721;;;66184028;33761306;16893516;;;83226913;39131381;17696393
;80895850;42842905;20989616;;;63697558;34063689;17404117;;;75125550;35787327;18756915
;82894843;41719491;20281607;;;66713556;33843003;16898742;;;81993804;37007424;19050503
;82221499;41876074;20348364;;;67265553;34343592;17351453;;;77454442;39495856;17497760
;82266262;41596006;20665095;;;67274572;33694312;17168696;;;81203506;39321446;18306324
;82503485;41357699;21103348;;;65988509;33249263;16997443;;;86840574;40327289;17742121
;83048751;41636912;20956667;;;64429405;34151291;16500155;;;84374850;38551809;17995193
;84433325;42254893;20460714;;;69803575;33272007;17356388;;;71614770;39536343;17308515
;84044160;42136169;20871098;;;67377521;32980135;16976702;;;78255693;38744452;17951197
;82240515;42044282;21374418;;;65012622;34149497;16241277;;;70628374;41586011;17961586
;81907995;41942328;20764054;;;64577238;33868572;16653930;;;75652812;40112396;17293923
;81552388;40726462;21380393;;;66519998;33390703;16716584;;;79689277;39826712;18191087
;82381186;41897501;20803824;;;65786502;33290288;17334251;;;76391745;35800136;17646489
;80262997;42528336;21089871;;;66427146;32745427;17416317;;;85840219;36172514;17981857
;83489380;41717725;20254078;;;67695686;33191401;17255630;;;73428838;36683345;17437007
;81090307;41919663;20607724;;;65941424;33957609;17020167;;;75127386;39630559;18092836
;82168278;42957331;20919284;;;68305476;33388796;16594386;;;74625441;37518109;17895598
;81543819;41142960;21299953;;;66495106;32904326;16879786;;;84520184;36928777;18468276
;82781310;40660174;20717731;;;65757722;35176874;17355257;;;80089303;38398996;17380663
;82716970;41373357;20805375;;;67551819;33188981;17211287;;;76999718;36091879;17876910
;81661012;41188355;21132507;;;65991707;34338391;16788208;;;83377064;35283095;17677899
;80245213;42368235;20943468;;;63235572;33523542;15622461;;;75423621;34564342;17435421
Promedio;82215628,68;41690272,55;20905218,32;;Promedio;66231933,16;33731029,87;16907842,58;;Promedio;78491362,26;38113242,9;17835145,13
;;;;;;;;;;;;;
;;;;;;;;;;;;;
MM_clasico_Estud1;;;;;MM_clasico_Estud2;;;;;MM_clasico_Estud3;;;
;Hilos;;;;;Hilos;;;;;Hilos;;
Tam;1 H;2 H;4 H;;Tam;1 H;2 H;4 H;;Tam;1 H;2 H;4 H
2800;104622491;50682570;26585301;;2800;84878313;43228469;22949713;;2800;95882048;51160267;22095955
;104674328;51302007;26566417;;;86936589;42592783;21219116;;;99292681;49921913;21344958
;103991289;51137229;25966002;;;85932326;44744502;22046821;;;98214183;50138816;22211723
;102220290;51336118;25323098;;;85493705;44301905;21418587;;;99020097;48707416;21926845
;103123063;50642728;25878068;;;84887741;43273841;22252827;;;105289396;47475731;22957032
;104677017;51797817;26222645;;;88480777;42516808;21269681;;;102341832;48415105;22339671
;105357679;52395081;25869594;;;83558689;44388975;21417273;;;103717882;51169185;22896493
;104618947;51374557;26547887;;;82282980;43307325;21568938;;;106383260;47402818;22521513
;104352404;51433898;26233538;;;85561686;43369205;22002992;;;108709683;46628836;22189922
;105220126;51417279;25538218;;;84360757;43014584;20897983;;;103173879;48922729;22806070
;103713441;51627268;25916073;;;84842515;41683194;22496898;;;95970625;47913908;23752539
;107990179;51712109;26603243;;;89018983;44521447;21568893;;;93344610;48188564;22838895
;105623007;51915488;26022588;;;86842710;44536267;20902279;;;99073804;49783436;23634300
;106471308;50844844;25519457;;;86295456;43658189;21463184;;;96261700;50500276;22889725
;103501234;51543073;26016256;;;85114661;44353477;21697299;;;92930354;48961818;23246467
;105841429;51201522;26184329;;;85212734;44775530;21784240;;;107288744;46048293;23047550
;104495992;51315621;25908062;;;85964496;43788455;22227991;;;102377893;50497416;21944062
;104179200;51850699;26404935;;;84273327;44910291;21642336;;;102308874;51412832;22071531
;105549759;52161987;25429223;;;86790284;42921618;21384492;;;95346378;48718824;21879258
;105072877;51618719;25657611;;;87563217;45433128;21806088;;;96278704;46524446;22397036
;104907851;51810590;26185870;;;86374725;43635199;22079121;;;104368820;47525063;22592081
;105180047;52103899;25731712;;;87068679;45080397;21358673;;;93094499;48314023;23489806
;105026888;50501436;26513564;;;86221006;42472667;21910316;;;101472093;49725127;22632254
;105693108;51409435;26001578;;;86983448;43499284;22109484;;;101002327;47551408;22983220
;105122679;50297123;25474673;;;84436522;44647231;21844047;;;107675027;46961123;22143341
;104715026;51076030;25974779;;;85242001;43751786;21880373;;;108272937;47433368;22311443
;105440456;50588761;25013452;;;88429366;44023298;21884242;;;99169273;45818328;22773167
;103851765;52000098;25647576;;;84771724;43812448;22454195;;;94831221;49595186;22879479
;102241120;50696623;26306686;;;84489560;45491279;22186664;;;111564132;50382929;23631832
;103760050;51853658;25558234;;;90485006;42790793;21569379;;;98760187;49225266;22910782
;102416324;50234582;23452241;;;84523851;43474452;21354353;;;97463423;47874342;24462341
Promedio;104633915,3;51351059,65;25879126,13;;Promedio;85913478,52;43806413,77;21762854,13;;Promedio;100673566,6;48674154,58;22703267,45
